filename,split,agreement
01_0001,train,85.80
01_0002,train,93.59
01_0003,train,94.83
01_0004,train,93.54
01_0005,train,92.47
01_0006,train,92.29
01_0007,train,93.07
01_0008,train,94.40
01_0009,train,92.83
01_0010,train,92.51
01_0011,train,91.64
01_0012,train,83.95
01_0013,train,93.87
01_0014,train,86.02
01_0015,train,95.32
01_0016,train,95.14
01_0017,train,96.03
01_0018,train,88.92
01_0019,train,92.99
01_0020,train,88.30
01_0021,train,94.41
01_0022,train,96.12
01_0023,train,89.42
01_0024,train,92.49
01_0025,train,92.77
01_0026,train,95.29
01_0027,train,92.85
01_0028,train,94.61
01_0029,train,92.08
01_0030,train,96.69
01_0031,train,94.79
01_0032,train,96.63
01_0033,train,92.76
01_0034,train,93.94
01_0035,train,96.11
01_0036,train,95.98
01_0037,train,94.62
01_0038,train,89.58
01_0039,train,93.92
01_0040,train,88.14
01_0041,train,95.59
01_0042,train,94.04
01_0043,train,95.60
01_0044,train,97.20
01_0045,train,94.67
01_0046,train,94.95
01_0047,train,95.16
01_0048,train,92.16
01_0049,train,95.37
01_0050,train,94.49
01_0051,train,93.69
01_0052,train,92.70
01_0053,train,96.30
01_0054,train,96.46
01_0055,train,96.34
01_0056,train,95.75
01_0057,train,95.86
01_0058,train,96.42
01_0059,train,96.74
01_0060,train,96.23
01_0061,train,94.91
01_0062,train,96.71
01_0063,train,94.11
01_0064,train,97.11
01_0065,train,97.56
01_0066,train,98.44
01_0067,train,98.11
01_0068,train,97.86
01_0069,train,93.78
01_0070,train,93.69
01_0071,train,94.72
01_0072,train,93.64
01_0073,train,92.99
01_0074,train,97.32
01_0075,train,96.79
01_0076,train,97.34
01_0077,train,97.54
01_0078,train,94.75
01_0079,train,93.57
01_0080,train,89.57
02_0004,train,95.27
02_0005,train,94.33
02_0006,train,93.89
02_0007,train,92.58
02_0008,train,96.54
02_0009,train,95.49
02_0010,train,94.00
02_0011,train,92.67
02_0012,train,94.25
02_0013,train,94.42
02_0014,train,95.22
02_0015,train,96.84
02_0016,train,95.79
02_0017,train,94.53
02_0018,train,94.50
02_0019,train,95.19
02_0020,train,95.22
02_0021,train,97.11
02_0022,train,93.42
02_0023,train,94.14
02_0025,train,94.91
02_0026,train,95.72
02_0027,train,96.29
02_0028,train,96.72
02_0029,train,96.34
02_0030,train,97.05
02_0031,train,96.43
02_0032,train,96.83
02_0033,train,96.95
02_0034,train,96.37
02_0035,train,96.39
02_0036,train,96.84
02_0037,train,96.61
02_0038,train,96.48
02_0039,train,96.38
02_0040,train,96.97
02_0041,train,97.05
02_0042,train,96.81
02_0043,train,96.29
02_0044,train,96.79
02_0045,train,96.88
02_0046,train,96.69
02_0047,train,95.81
02_0048,train,95.54
02_0049,train,96.54
02_0050,train,96.77
02_0051,train,95.19
02_0052,train,95.40
02_0053,train,95.88
02_0054,train,94.85
02_0055,train,96.47
02_0056,train,94.19
02_0057,train,95.46
02_0058,train,94.47
02_0059,train,94.45
02_0060,train,90.14
02_0061,train,92.26
02_0062,train,96.59
02_0063,train,92.63
02_0064,train,90.80
02_0065,train,94.18
02_0066,train,90.97
02_0067,train,91.24
02_0068,train,91.37
02_0069,train,92.94
02_0070,train,88.05
02_0071,train,88.95
02_0072,train,89.05
02_0073,train,92.00
02_0074,train,93.92
02_0075,train,88.17
02_0076,train,90.70
02_0077,train,96.63
02_0078,train,90.00
02_0079,train,88.21
02_0080,train,86.78
03_0001,train,95.38
03_0002,train,95.06
03_0003,train,95.27
03_0004,train,96.87
03_0005,train,96.34
03_0006,train,91.60
03_0007,train,95.65
03_0008,train,95.51
03_0009,train,94.76
03_0010,train,93.76
03_0011,train,94.76
03_0012,train,92.02
03_0013,train,94.07
03_0014,train,95.27
03_0015,train,96.03
03_0016,train,97.04
03_0017,train,94.01
03_0018,train,92.84
03_0019,train,94.62
03_0020,train,97.41
03_0021,train,97.51
03_0022,train,97.51
03_0023,train,96.25
03_0024,train,96.06
03_0025,train,95.88
03_0026,train,96.32
03_0027,train,96.53
03_0029,train,96.71
03_0030,train,96.69
03_0031,train,96.89
03_0032,train,97.22
03_0033,train,96.86
03_0034,train,96.65
03_0035,train,96.47
03_0036,train,96.77
03_0037,train,97.24
03_0038,train,97.16
03_0039,train,96.64
03_0040,train,96.14
03_0041,train,97.07
03_0042,train,97.53
03_0043,train,95.46
03_0044,train,96.61
03_0045,train,97.13
03_0046,train,97.83
03_0047,train,91.93
03_0048,train,93.59
03_0049,train,95.76
03_0050,train,95.44
03_0051,train,94.75
03_0052,train,96.56
03_0053,train,96.50
03_0054,train,97.14
03_0055,train,96.95
03_0056,train,95.37
03_0057,train,96.90
03_0058,train,97.64
03_0059,train,97.20
03_0060,train,95.79
03_0061,train,95.74
03_0062,train,95.28
03_0063,train,93.30
03_0064,train,94.18
03_0065,train,95.67
03_0066,train,93.98
03_0067,train,95.06
03_0068,train,91.37
03_0069,train,93.66
03_0070,train,94.59
03_0071,train,92.52
03_0072,train,92.83
03_0073,train,92.41
03_0074,train,93.67
03_0075,train,84.11
03_0076,train,93.74
03_0077,train,95.64
03_0078,train,87.78
03_0079,train,89.58
03_0080,train,92.21
04_0001,train,88.91
04_0002,train,88.30
04_0003,train,89.97
04_0004,train,95.08
04_0005,train,94.16
04_0006,train,94.63
04_0007,train,94.76
04_0008,train,95.08
04_0009,train,95.68
04_0010,train,93.58
04_0011,train,95.86
04_0012,train,95.18
04_0013,train,96.14
04_0014,train,95.28
04_0015,train,95.31
04_0016,train,94.77
04_0017,train,93.69
04_0018,train,95.87
04_0019,train,92.14
04_0020,train,88.79
04_0021,train,92.84
04_0022,train,91.51
04_0023,train,88.86
04_0024,train,90.16
04_0025,train,90.60
04_0026,train,92.13
04_0027,train,92.71
04_0028,train,91.34
04_0029,train,94.74
04_0030,train,94.58
04_0031,train,95.91
04_0032,train,94.03
04_0033,train,88.63
04_0034,train,97.42
04_0035,train,91.67
04_0036,train,94.62
04_0037,train,90.49
04_0038,train,92.08
04_0039,train,93.78
04_0040,train,90.52
04_0041,train,90.33
04_0042,train,87.60
04_0043,train,96.00
04_0044,train,92.32
04_0045,train,91.94
04_0046,train,97.35
04_0047,train,92.25
04_0048,train,93.82
04_0049,train,93.00
04_0050,train,94.88
04_0051,train,95.44
04_0052,train,93.40
04_0054,train,91.20
04_0055,train,92.82
04_0056,train,94.43
04_0057,train,92.42
04_0058,train,95.02
04_0059,train,95.00
04_0060,train,94.99
04_0061,train,89.62
04_0062,train,92.86
04_0063,train,91.00
04_0064,train,95.75
04_0065,train,96.13
04_0066,train,91.19
04_0067,train,88.64
04_0068,train,89.34
04_0069,train,90.62
04_0070,train,90.96
04_0071,train,92.35
04_0072,train,85.44
04_0074,train,83.45
04_0075,train,80.67
04_0078,train,82.53
04_0079,train,93.92
04_0080,train,92.28
06_0001,train,91.27
06_0002,train,90.93
06_0003,train,91.93
06_0004,train,90.24
06_0005,train,88.25
06_0006,train,93.58
06_0007,train,88.85
06_0008,train,90.15
06_0009,train,93.60
06_0010,train,89.99
06_0011,train,92.89
06_0012,train,88.23
06_0013,train,93.04
06_0014,train,93.21
06_0015,train,93.22
06_0016,train,91.60
06_0017,train,89.87
06_0018,train,92.42
06_0019,train,92.48
06_0020,train,95.43
06_0021,train,96.26
06_0022,train,96.96
06_0023,train,95.60
06_0024,train,92.63
06_0025,train,95.40
06_0026,train,95.13
06_0027,train,93.93
06_0028,train,93.09
06_0029,train,95.04
06_0030,train,95.17
06_0031,train,96.10
06_0032,train,96.97
06_0033,train,93.52
06_0034,train,95.83
06_0035,train,94.71
06_0036,train,96.39
06_0037,train,95.77
06_0038,train,94.22
06_0039,train,94.61
06_0040,train,94.47
06_0041,train,95.22
06_0042,train,92.76
06_0043,train,94.70
06_0044,train,94.26
06_0045,train,91.83
06_0046,train,91.05
06_0047,train,88.66
06_0048,train,89.59
06_0053,train,83.10
06_0054,train,86.19
06_0055,train,90.02
06_0056,train,90.76
06_0057,train,86.12
06_0058,train,89.11
06_0059,train,89.01
06_0060,train,92.16
06_0061,train,90.82
06_0062,train,90.12
06_0063,train,88.20
06_0064,train,88.40
06_0065,train,81.19
06_0066,train,83.70
06_0067,train,94.17
06_0068,train,84.20
06_0069,train,80.37
06_0071,train,86.43
06_0072,train,90.74
06_0073,train,89.18
06_0074,train,90.22
06_0075,train,87.37
06_0076,train,88.85
06_0077,train,90.63
06_0078,train,84.96
06_0079,train,81.32
06_0080,train,84.76
10_0001,train,94.74
10_0002,train,93.36
10_0003,train,90.36
10_0004,train,93.73
10_0005,train,88.94
10_0006,train,94.66
10_0007,train,97.89
10_0008,train,92.84
10_0009,train,88.83
10_0010,train,92.60
10_0011,train,96.78
10_0012,train,92.39
10_0013,train,95.95
10_0014,train,92.95
10_0015,train,92.31
10_0016,train,95.04
10_0017,train,96.24
10_0018,train,95.26
10_0019,train,97.66
10_0020,train,96.93
10_0021,train,97.46
10_0022,train,93.14
10_0023,train,91.86
10_0024,train,97.77
10_0025,train,93.45
10_0026,train,92.84
10_0027,train,92.27
10_0028,train,96.03
10_0029,train,96.60
10_0030,train,85.88
10_0031,train,96.51
10_0032,train,97.51
10_0033,train,94.71
10_0034,train,94.20
10_0035,train,95.22
10_0036,train,96.42
10_0037,train,95.89
10_0038,train,96.67
10_0039,train,93.02
10_0040,train,93.98
10_0041,train,95.45
10_0042,train,97.48
10_0043,train,93.82
10_0044,train,83.80
10_0045,train,96.58
10_0046,train,95.55
10_0047,train,93.42
10_0048,train,92.85
10_0049,train,88.47
10_0050,train,86.85
10_0051,train,92.11
10_0052,train,92.94
10_0053,train,93.21
10_0054,train,87.15
10_0055,train,95.70
10_0056,train,95.35
10_0057,train,95.57
10_0058,train,91.84
10_0059,train,90.87
10_0060,train,93.21
10_0061,train,94.41
10_0062,train,90.32
10_0063,train,90.39
10_0064,train,89.99
10_0065,train,90.23
10_0066,train,90.27
10_0067,train,88.92
10_0068,train,88.46
10_0069,train,88.29
10_0070,train,89.00
10_0071,train,92.76
10_0072,train,91.94
10_0074,train,94.22
10_0075,train,91.71
10_0076,train,93.72
10_0077,train,95.96
10_0078,train,89.80
10_0079,train,91.90
10_0080,train,91.17
11_0001,train,92.10
11_0002,train,92.93
11_0003,train,91.57
11_0004,train,93.82
11_0006,train,88.03
11_0009,train,91.64
11_0010,train,84.44
11_0011,train,94.38
11_0012,train,93.80
11_0013,train,94.14
11_0014,train,94.71
11_0015,train,94.88
11_0016,train,94.10
11_0017,train,93.80
11_0018,train,93.79
11_0019,train,93.62
11_0020,train,90.10
11_0021,train,92.87
11_0022,train,89.59
11_0023,train,92.17
11_0024,train,91.25
11_0025,train,90.85
11_0026,train,94.03
11_0027,train,92.78
11_0028,train,92.35
11_0029,train,94.91
11_0030,train,95.11
11_0031,train,95.56
11_0032,train,94.89
11_0033,train,94.81
11_0034,train,95.49
11_0035,train,93.81
11_0036,train,93.95
11_0037,train,94.49
11_0038,train,94.27
11_0039,train,93.93
11_0040,train,95.50
11_0041,train,95.03
11_0042,train,95.86
11_0043,train,92.36
11_0044,train,95.03
11_0045,train,95.49
11_0046,train,95.48
11_0047,train,93.30
11_0048,train,94.95
11_0049,train,92.99
11_0050,train,89.37
11_0051,train,94.78
11_0052,train,94.55
11_0053,train,90.29
11_0054,train,91.34
11_0055,train,96.59
11_0056,train,96.15
11_0057,train,94.31
11_0058,train,88.68
11_0059,train,85.14
11_0060,train,84.87
11_0061,train,86.27
11_0062,train,86.40
11_0063,train,81.96
11_0064,train,84.18
11_0065,train,84.96
11_0066,train,82.13
11_0067,train,82.84
11_0068,train,82.60
11_0069,train,81.49
11_0070,train,81.77
11_0071,train,81.07
11_0072,train,82.48
11_0073,train,82.24
11_0074,train,85.50
11_0076,train,92.35
11_0077,train,96.25
11_0078,train,96.43
11_0079,train,96.22
11_0080,train,91.87
12_0001,train,96.14
12_0002,train,96.86
12_0003,train,96.93
12_0004,train,95.46
12_0005,train,94.39
12_0006,train,97.13
12_0007,train,96.84
12_0008,train,96.57
12_0009,train,92.72
12_0010,train,94.00
12_0011,train,96.51
12_0012,train,96.91
12_0013,train,95.48
12_0014,train,92.88
12_0015,train,94.80
12_0016,train,91.54
12_0017,train,93.85
12_0018,train,93.64
12_0019,train,91.51
12_0020,train,93.90
12_0021,train,91.69
12_0022,train,91.13
12_0023,train,89.58
12_0024,train,87.15
12_0025,train,85.48
12_0026,train,85.32
12_0028,train,95.77
12_0029,train,93.98
12_0030,train,93.93
12_0031,train,93.76
12_0032,train,96.06
12_0033,train,96.33
12_0034,train,95.08
12_0035,train,94.66
12_0036,train,93.12
12_0037,train,91.91
12_0038,train,90.98
12_0039,train,93.64
12_0040,train,91.90
12_0041,train,91.89
12_0042,train,93.27
12_0043,train,94.54
12_0044,train,93.07
12_0045,train,95.42
12_0046,train,94.82
12_0047,train,94.85
12_0048,train,94.95
12_0049,train,95.48
12_0050,train,96.56
12_0051,train,94.58
12_0052,train,91.36
12_0053,train,91.13
12_0054,train,90.29
12_0055,train,90.26
12_0056,train,90.70
12_0057,train,93.94
12_0058,train,93.68
12_0059,train,92.03
12_0060,train,91.72
12_0061,train,95.21
12_0062,train,96.43
12_0063,train,94.70
12_0064,train,91.56
12_0065,train,93.65
12_0066,train,95.16
12_0067,train,93.17
12_0068,train,86.36
12_0069,train,91.01
12_0070,train,92.72
12_0071,train,91.50
12_0072,train,90.27
12_0073,train,90.45
12_0074,train,96.54
12_0075,train,92.04
12_0076,train,93.27
12_0077,train,95.87
12_0078,train,87.81
12_0079,train,93.14
12_0080,train,89.09
13_0001,train,92.73
13_0002,train,91.78
13_0003,train,93.90
13_0004,train,95.50
13_0005,train,91.83
13_0006,train,94.79
13_0007,train,95.40
13_0008,train,95.36
13_0009,train,93.43
13_0010,train,95.53
13_0011,train,95.46
13_0012,train,95.78
13_0013,train,95.75
13_0014,train,93.15
13_0015,train,95.40
13_0016,train,93.86
13_0017,train,93.46
13_0018,train,92.69
13_0019,train,89.41
13_0020,train,93.88
13_0021,train,93.77
13_0022,train,92.04
13_0023,train,94.15
13_0024,train,89.50
13_0025,train,88.20
13_0026,train,93.63
13_0027,train,94.67
13_0028,train,92.20
13_0029,train,95.75
13_0030,train,93.98
13_0031,train,91.27
13_0032,train,93.89
13_0033,train,95.62
13_0034,train,94.45
13_0035,train,92.50
13_0036,train,80.01
13_0037,train,95.36
13_0038,train,94.13
13_0039,train,92.46
13_0040,train,95.45
15_0001,train,95.19
15_0002,train,93.40
15_0003,train,95.20
15_0004,train,95.81
15_0005,train,95.34
15_0006,train,94.65
15_0007,train,95.79
15_0008,train,94.65
15_0009,train,94.92
15_0010,train,93.83
15_0011,train,93.20
15_0012,train,93.65
15_0013,train,93.60
15_0014,train,94.34
15_0015,train,92.91
15_0016,train,88.21
15_0017,train,91.78
15_0018,train,91.47
15_0019,train,81.23
15_0020,train,83.05
15_0021,train,93.42
15_0022,train,80.29
15_0024,train,91.39
15_0025,train,87.84
15_0026,train,89.29
15_0027,train,80.96
15_0028,train,91.30
15_0029,train,90.86
15_0030,train,91.58
15_0031,train,92.95
15_0032,train,91.47
15_0033,train,94.88
15_0034,train,94.39
15_0035,train,93.69
15_0036,train,94.62
15_0037,train,94.84
15_0038,train,91.31
15_0039,train,96.00
15_0040,train,97.02
15_0041,train,96.16
15_0042,train,96.82
15_0043,train,97.36
15_0044,train,97.18
15_0045,train,97.40
15_0046,train,97.47
15_0047,train,97.75
15_0048,train,96.16
15_0049,train,97.33
15_0050,train,96.38
15_0051,train,95.77
15_0052,train,95.65
15_0053,train,97.19
15_0054,train,97.57
15_0055,train,97.05
15_0056,train,97.61
15_0057,train,97.05
15_0058,train,97.26
15_0059,train,96.73
15_0060,train,96.67
15_0061,train,97.46
15_0062,train,98.10
15_0063,train,94.43
15_0064,train,91.39
15_0065,train,91.04
15_0066,train,87.62
15_0067,train,87.52
15_0068,train,97.73
15_0069,train,90.30
15_0070,train,89.26
15_0071,train,87.67
15_0072,train,90.42
15_0073,train,93.40
15_0074,train,88.45
15_0075,train,88.92
15_0076,train,89.47
15_0077,train,91.54
15_0078,train,92.45
15_0079,train,90.93
15_0080,train,92.68
16_0001,train,98.07
16_0002,train,97.60
16_0003,train,97.40
16_0004,train,95.53
16_0005,train,92.18
16_0006,train,87.37
16_0007,train,96.67
16_0008,train,97.27
16_0009,train,97.89
16_0010,train,88.36
16_0011,train,94.09
16_0012,train,93.51
16_0013,train,95.36
16_0014,train,80.13
16_0015,train,82.26
16_0017,train,80.01
16_0025,train,89.76
16_0027,train,84.16
16_0028,train,85.84
16_0030,train,80.46
16_0032,train,80.83
16_0033,train,93.07
16_0036,train,88.41
16_0037,train,88.46
16_0038,train,85.05
16_0039,train,87.98
16_0040,train,85.64
16_0041,train,89.17
16_0042,train,85.38
16_0043,train,83.33
16_0046,train,90.17
16_0047,train,91.29
16_0048,train,80.32
16_0049,train,87.02
16_0050,train,94.63
16_0051,train,82.29
16_0052,train,93.11
16_0053,train,92.23
16_0054,train,89.59
16_0055,train,82.95
16_0056,train,92.04
16_0057,train,84.97
16_0058,train,94.85
16_0059,train,80.77
16_0060,train,93.33
16_0061,train,93.48
16_0062,train,93.84
16_0063,train,95.54
16_0064,train,95.57
16_0065,train,97.20
16_0066,train,94.33
16_0067,train,96.85
16_0068,train,95.32
18_0001,train,92.06
18_0002,train,97.80
18_0003,train,98.68
18_0004,train,99.72
18_0005,train,96.55
18_0006,train,96.15
18_0007,train,94.01
18_0008,train,96.72
18_0009,train,94.53
18_0010,train,96.70
18_0011,train,96.48
18_0012,train,94.01
18_0013,train,93.82
18_0014,train,92.75
18_0015,train,88.07
18_0017,train,85.43
18_0018,train,92.67
18_0019,train,91.75
18_0020,train,90.19
18_0021,train,90.01
18_0022,train,87.64
18_0023,train,90.07
18_0024,train,88.47
18_0025,train,89.68
18_0026,train,96.42
18_0027,train,95.42
18_0028,train,87.44
18_0029,train,81.82
18_0030,train,89.21
18_0031,train,94.38
18_0032,train,92.48
18_0033,train,94.40
18_0034,train,97.13
18_0035,train,95.30
18_0036,train,94.25
18_0037,train,88.55
18_0038,train,91.13
18_0039,train,91.89
18_0040,train,93.65
18_0041,train,89.48
18_0042,train,85.35
18_0043,train,90.52
18_0044,train,91.94
18_0045,train,92.38
18_0046,train,92.65
18_0047,train,91.03
18_0048,train,92.31
18_0049,train,91.35
18_0050,train,92.30
18_0051,train,90.56
18_0052,train,90.93
18_0053,train,89.22
18_0054,train,90.34
18_0055,train,88.04
18_0056,train,88.86
18_0057,train,86.43
18_0058,train,86.74
18_0059,train,93.08
18_0060,train,92.86
18_0061,train,92.59
18_0062,train,93.02
18_0063,train,92.97
18_0064,train,91.68
18_0065,train,85.70
18_0066,train,89.11
18_0067,train,91.58
18_0068,train,93.99
18_0069,train,93.48
18_0070,train,95.74
18_0071,train,96.95
18_0072,train,97.85
18_0073,train,96.66
18_0074,train,94.26
18_0075,train,96.58
18_0076,train,97.33
18_0077,train,97.37
18_0078,train,81.88
18_0079,train,92.79
18_0080,train,93.59
19_0001,train,84.74
19_0002,train,83.02
19_0003,train,80.88
19_0004,train,86.12
19_0005,train,88.00
19_0006,train,89.62
19_0007,train,89.17
19_0008,train,90.44
19_0009,train,91.22
19_0011,train,90.49
19_0012,train,90.18
19_0013,train,93.64
19_0014,train,92.49
19_0015,train,93.12
19_0016,train,92.91
19_0017,train,80.88
19_0020,train,83.05
19_0021,train,92.34
19_0023,train,92.45
19_0024,train,92.50
19_0025,train,90.34
19_0026,train,88.20
19_0027,train,86.52
19_0028,train,85.21
19_0029,train,90.88
19_0030,train,91.00
19_0031,train,90.78
19_0032,train,88.11
19_0033,train,89.81
19_0034,train,90.03
19_0035,train,91.16
19_0036,train,87.55
19_0037,train,87.49
19_0038,train,87.28
19_0039,train,86.13
19_0040,train,90.70
19_0041,train,91.62
19_0042,train,92.71
19_0043,train,90.87
19_0044,train,96.04
19_0045,train,96.15
19_0046,train,95.92
19_0047,train,83.36
19_0048,train,82.86
19_0049,train,95.90
19_0050,train,82.22
19_0051,train,95.07
19_0052,train,93.52
19_0053,train,91.18
19_0054,train,93.80
19_0055,train,94.82
19_0056,train,90.56
19_0057,train,84.27
19_0058,train,81.98
19_0059,train,81.58
19_0060,train,88.47
19_0061,train,90.36
19_0062,train,92.01
19_0063,train,86.42
19_0069,train,82.80
19_0070,train,85.59
19_0071,train,85.18
19_0072,train,91.47
19_0073,train,89.23
19_0075,train,80.73
19_0076,train,83.54
19_0077,train,80.25
19_0078,train,86.32
19_0079,train,84.69
20_0001,train,84.10
20_0002,train,82.46
20_0003,train,82.56
20_0004,train,83.80
20_0005,train,87.01
20_0006,train,96.47
20_0007,train,91.81
20_0008,train,96.01
20_0009,train,94.42
20_0012,train,84.04
20_0014,train,95.56
20_0015,train,87.79
20_0017,train,84.18
20_0018,train,85.20
20_0020,train,95.12
20_0025,train,88.09
20_0026,train,85.83
20_0031,train,96.51
20_0032,train,91.63
20_0033,train,86.28
20_0034,train,87.70
20_0036,train,87.85
20_0037,train,92.12
20_0038,train,92.40
20_0040,train,90.63
20_0041,train,97.15
20_0042,train,95.31
20_0044,train,85.99
20_0045,train,87.12
20_0050,train,95.21
20_0051,train,80.19
20_0052,train,82.01
20_0057,train,82.91
20_0062,train,95.78
20_0063,train,89.18
20_0064,train,93.92
20_0069,train,81.90
20_0070,train,89.83
20_0072,train,80.13
20_0075,train,85.55
20_0076,train,91.88
20_0077,train,95.68
21_0001,train,95.43
21_0002,train,95.86
21_0003,train,96.25
21_0004,train,96.97
21_0005,train,96.56
21_0006,train,96.49
21_0007,train,94.89
21_0008,train,96.16
21_0009,train,95.83
21_0010,train,94.16
21_0011,train,95.17
21_0012,train,94.63
21_0013,train,95.41
21_0014,train,96.02
21_0015,train,96.22
21_0016,train,95.50
21_0017,train,96.78
21_0018,train,97.01
21_0019,train,97.01
21_0020,train,95.71
21_0021,train,97.14
21_0022,train,96.14
21_0023,train,94.04
21_0024,train,93.44
21_0025,train,93.22
21_0026,train,96.21
21_0027,train,96.01
21_0028,train,95.92
21_0029,train,96.40
21_0030,train,96.02
21_0031,train,95.96
21_0032,train,96.23
21_0033,train,96.04
21_0034,train,95.90
21_0035,train,96.02
21_0036,train,96.01
21_0037,train,96.71
21_0038,train,96.63
21_0039,train,94.85
21_0040,train,94.50
21_0041,train,93.96
21_0042,train,95.42
21_0043,train,93.66
21_0044,train,93.93
21_0045,train,95.59
21_0046,train,94.23
21_0047,train,95.77
21_0048,train,92.66
21_0049,train,95.64
21_0050,train,92.91
21_0051,train,89.89
21_0052,train,95.89
21_0053,train,93.18
21_0054,train,91.33
21_0055,train,91.30
21_0056,train,93.49
21_0057,train,92.66
21_0058,train,94.86
21_0059,train,92.56
21_0060,train,92.94
21_0061,train,96.12
21_0062,train,89.28
21_0063,train,96.15
21_0064,train,96.26
21_0065,train,96.26
21_0066,train,92.78
21_0067,train,89.90
21_0068,train,91.78
21_0069,train,89.07
21_0070,train,87.99
21_0071,train,85.98
21_0072,train,84.04
21_0073,train,89.73
21_0074,train,92.55
22_0001,train,97.98
22_0002,train,96.97
22_0003,train,96.71
22_0004,train,96.34
22_0005,train,96.13
22_0006,train,96.32
22_0007,train,96.72
22_0008,train,95.35
22_0009,train,95.92
22_0010,train,93.19
22_0011,train,93.80
22_0012,train,92.62
22_0013,train,95.39
22_0014,train,96.36
22_0015,train,96.33
22_0016,train,93.76
22_0017,train,94.49
22_0018,train,94.13
22_0019,train,90.24
22_0020,train,91.94
22_0021,train,91.32
22_0022,train,92.25
22_0023,train,90.13
22_0024,train,85.91
22_0025,train,86.17
22_0026,train,92.61
22_0027,train,93.58
22_0028,train,95.17
22_0029,train,96.57
22_0030,train,96.84
22_0031,train,96.33
22_0032,train,95.68
22_0033,train,96.39
22_0034,train,92.31
22_0035,train,95.72
22_0036,train,95.80
22_0037,train,97.61
22_0038,train,96.71
22_0039,train,97.41
22_0040,train,98.13
22_0041,train,97.68
22_0042,train,97.33
22_0043,train,96.98
22_0044,train,97.56
22_0045,train,97.11
22_0046,train,97.01
22_0047,train,95.53
22_0048,train,95.56
22_0049,train,97.89
22_0050,train,96.65
22_0051,train,97.43
22_0052,train,95.33
22_0053,train,95.04
22_0054,train,97.75
22_0055,train,97.44
22_0056,train,97.10
22_0057,train,97.03
22_0058,train,96.43
22_0059,train,93.98
22_0060,train,93.81
22_0061,train,97.24
22_0062,train,96.60
22_0063,train,95.42
22_0064,train,95.96
22_0065,train,92.90
22_0066,train,90.60
22_0067,train,93.01
22_0068,train,92.27
22_0069,train,93.90
22_0070,train,92.44
22_0071,train,93.32
22_0072,train,94.16
22_0073,train,90.78
22_0074,train,93.62
22_0075,train,82.68
22_0076,train,94.74
22_0077,train,97.10
22_0078,train,94.85
22_0079,train,93.87
22_0080,train,93.32
23_0001,train,95.01
23_0002,train,94.39
23_0003,train,94.01
23_0004,train,95.39
23_0005,train,95.77
23_0006,train,96.22
23_0007,train,95.11
23_0008,train,94.84
23_0009,train,94.42
23_0010,train,93.24
23_0011,train,92.73
23_0012,train,93.78
23_0013,train,93.70
23_0014,train,94.95
23_0015,train,93.24
23_0016,train,94.20
23_0017,train,93.44
23_0018,train,88.19
23_0019,train,92.10
23_0020,train,91.65
23_0021,train,91.24
23_0022,train,85.33
23_0023,train,88.34
23_0024,train,89.37
23_0025,train,87.49
23_0026,train,89.84
23_0027,train,91.76
23_0028,train,94.38
23_0029,train,95.59
23_0030,train,96.71
23_0031,train,96.18
23_0032,train,92.81
23_0033,train,96.18
23_0034,train,90.71
23_0035,train,86.54
23_0036,train,90.66
23_0037,train,95.02
23_0038,train,96.07
23_0039,train,97.67
23_0040,train,94.41
23_0041,train,92.31
23_0042,train,87.86
23_0043,train,91.92
23_0044,train,90.68
23_0045,train,91.13
23_0046,train,93.93
23_0047,train,94.40
23_0048,train,95.52
23_0049,train,92.54
23_0050,train,91.25
23_0051,train,93.72
23_0052,train,95.61
23_0053,train,95.91
23_0054,train,96.91
23_0055,train,96.81
23_0056,train,96.43
23_0057,train,94.63
23_0058,train,91.56
23_0059,train,91.28
23_0060,train,94.62
23_0061,train,94.77
23_0062,train,95.03
23_0063,train,94.52
23_0064,train,91.91
23_0065,train,95.60
23_0066,train,93.10
23_0067,train,93.61
23_0068,train,93.38
23_0069,train,92.46
23_0070,train,91.79
23_0071,train,95.83
23_0072,train,94.78
23_0073,train,94.65
23_0074,train,95.85
23_0075,train,92.92
23_0076,train,96.57
23_0077,train,92.60
23_0078,train,93.30
23_0079,train,93.87
23_0080,train,88.13
24_0001,train,93.42
24_0002,train,90.87
24_0003,train,87.76
24_0004,train,90.10
24_0005,train,90.75
24_0006,train,88.15
24_0007,train,85.34
24_0008,train,92.17
24_0009,train,93.29
24_0010,train,91.60
24_0011,train,89.12
24_0012,train,90.60
24_0013,train,92.97
24_0014,train,93.60
24_0015,train,94.44
24_0016,train,93.05
24_0017,train,93.88
24_0018,train,95.63
24_0019,train,94.99
24_0020,train,95.85
24_0021,train,90.36
24_0022,train,94.46
24_0023,train,82.50
24_0024,train,92.91
24_0025,train,91.96
24_0026,train,95.48
24_0027,train,94.64
24_0028,train,93.80
24_0029,train,96.56
24_0030,train,94.46
24_0031,train,96.44
24_0032,train,96.47
24_0033,train,93.33
24_0034,train,95.22
24_0035,train,96.63
24_0036,train,96.16
24_0037,train,94.04
24_0038,train,93.73
24_0039,train,95.34
24_0040,train,94.98
24_0041,train,95.36
24_0042,train,91.73
24_0043,train,91.36
24_0044,train,85.77
24_0045,train,94.06
24_0046,train,95.96
24_0047,train,91.06
24_0048,train,92.23
24_0049,train,94.51
24_0050,train,94.67
24_0051,train,93.61
24_0052,train,94.78
24_0053,train,94.53
24_0054,train,93.75
24_0055,train,92.88
24_0056,train,93.76
24_0057,train,91.20
24_0058,train,93.69
24_0059,train,93.49
24_0060,train,92.75
24_0061,train,95.15
24_0062,train,95.22
24_0063,train,93.97
24_0064,train,94.68
24_0065,train,96.69
24_0066,train,91.54
24_0067,train,92.52
24_0068,train,83.46
24_0069,train,91.89
24_0070,train,92.16
24_0071,train,93.55
24_0072,train,95.15
24_0073,train,88.93
24_0074,train,93.41
24_0075,train,93.20
24_0076,train,94.83
24_0077,train,92.16
24_0078,train,92.78
24_0079,train,91.09
24_0080,train,91.44
26_0001,train,92.06
26_0002,train,93.40
26_0003,train,93.51
26_0004,train,93.61
26_0005,train,92.39
26_0006,train,93.13
26_0007,train,95.71
26_0008,train,94.98
26_0009,train,95.84
26_0010,train,91.97
26_0011,train,93.70
26_0012,train,93.77
26_0013,train,94.43
26_0014,train,92.12
26_0015,train,95.99
26_0016,train,94.00
26_0017,train,95.30
26_0018,train,94.80
26_0019,train,93.93
26_0020,train,89.68
26_0021,train,89.36
26_0022,train,90.82
26_0023,train,93.96
26_0024,train,90.87
26_0025,train,95.69
26_0026,train,94.70
26_0027,train,93.64
26_0031,train,96.40
26_0032,train,97.10
26_0033,train,94.72
26_0034,train,94.01
26_0035,train,90.20
26_0036,train,90.42
26_0037,train,87.23
26_0038,train,85.72
26_0039,train,94.05
26_0040,train,91.02
26_0041,train,93.68
26_0042,train,88.49
26_0043,train,93.30
26_0044,train,88.94
26_0045,train,94.00
26_0046,train,91.33
26_0047,train,95.90
26_0048,train,93.21
26_0049,train,88.83
26_0050,train,88.43
26_0051,train,94.07
26_0052,train,88.97
26_0053,train,92.69
26_0054,train,93.45
26_0055,train,92.48
26_0056,train,90.27
26_0057,train,90.50
26_0058,train,91.66
26_0059,train,91.89
26_0060,train,84.40
26_0061,train,93.98
26_0062,train,91.68
26_0063,train,89.52
26_0064,train,94.16
26_0065,train,93.83
26_0066,train,91.02
26_0067,train,91.84
26_0068,train,89.14
26_0069,train,91.71
26_0070,train,90.74
26_0071,train,89.89
26_0072,train,86.60
26_0073,train,91.91
26_0074,train,96.16
26_0075,train,87.65
26_0076,train,92.26
26_0077,train,90.11
26_0078,train,80.10
26_0079,train,91.81
26_0080,train,81.80
27_0001,train,95.60
27_0002,train,94.40
27_0003,train,94.89
27_0004,train,94.80
27_0005,train,82.37
27_0006,train,90.83
27_0007,train,90.35
27_0008,train,89.81
27_0009,train,91.76
27_0010,train,90.49
27_0011,train,90.20
27_0012,train,95.41
27_0013,train,91.56
27_0015,train,95.85
27_0016,train,93.13
27_0017,train,88.89
27_0018,train,91.86
27_0019,train,90.38
27_0020,train,84.89
27_0021,train,86.20
27_0022,train,86.46
27_0023,train,87.05
27_0024,train,86.86
27_0025,train,86.36
27_0026,train,94.39
27_0027,train,89.71
27_0028,train,88.76
27_0029,train,93.56
27_0030,train,94.10
27_0031,train,91.16
27_0032,train,87.18
27_0033,train,95.19
27_0034,train,95.84
27_0035,train,91.05
27_0036,train,89.66
27_0037,train,95.43
27_0038,train,90.54
27_0039,train,93.36
27_0040,train,89.69
27_0041,train,91.35
27_0042,train,93.47
27_0043,train,93.28
27_0044,train,89.65
27_0045,train,89.76
27_0046,train,88.51
27_0047,train,95.03
27_0048,train,91.24
27_0049,train,92.93
27_0050,train,92.68
27_0051,train,92.90
27_0052,train,93.21
27_0053,train,93.25
27_0054,train,95.95
27_0055,train,91.19
27_0056,train,89.17
27_0057,train,90.08
27_0058,train,91.56
27_0059,train,90.91
27_0060,train,83.39
27_0061,train,97.90
27_0062,train,96.11
27_0063,train,92.28
27_0064,train,92.65
27_0065,train,92.40
27_0066,train,93.57
27_0067,train,91.52
27_0068,train,95.05
27_0069,train,93.76
27_0070,train,93.68
27_0071,train,94.79
27_0072,train,92.60
27_0073,train,93.71
27_0074,train,95.71
27_0075,train,94.68
27_0076,train,92.82
27_0077,train,96.19
27_0078,train,93.77
27_0079,train,93.59
27_0080,train,91.47
28_0003,train,91.07
28_0004,train,93.08
28_0005,train,93.46
28_0006,train,89.78
28_0007,train,93.45
28_0008,train,87.50
28_0009,train,89.59
28_0011,train,95.45
28_0012,train,96.54
28_0013,train,97.16
28_0015,train,88.32
28_0016,train,87.26
28_0017,train,86.68
28_0018,train,86.02
28_0019,train,95.45
28_0020,train,94.86
28_0021,train,88.26
28_0022,train,86.77
28_0023,train,84.07
28_0024,train,83.38
28_0025,train,89.51
28_0026,train,89.12
28_0027,train,88.45
28_0028,train,94.12
28_0029,train,90.98
28_0030,train,87.93
28_0031,train,89.63
28_0032,train,92.23
28_0033,train,88.08
28_0034,train,87.97
28_0035,train,88.36
28_0036,train,90.24
28_0037,train,95.80
28_0038,train,95.19
28_0039,train,87.21
28_0040,train,90.46
28_0041,train,91.50
28_0042,train,93.57
28_0043,train,88.05
28_0044,train,86.36
28_0045,train,95.16
28_0046,train,94.05
28_0047,train,94.15
28_0048,train,91.14
28_0050,train,84.95
28_0051,train,83.05
28_0053,train,93.91
28_0054,train,91.00
28_0055,train,93.64
28_0056,train,89.27
28_0057,train,92.19
28_0058,train,89.15
28_0059,train,95.80
28_0060,train,89.51
28_0061,train,94.84
28_0062,train,96.89
28_0063,train,92.37
28_0064,train,92.47
28_0065,train,93.30
28_0066,train,93.22
28_0067,train,94.08
28_0068,train,86.36
28_0069,train,93.50
28_0070,train,87.92
28_0071,train,91.35
28_0072,train,91.57
28_0073,train,88.56
28_0074,train,92.82
28_0075,train,80.34
28_0076,train,95.03
28_0077,train,91.01
28_0078,train,91.38
28_0079,train,85.76
28_0080,train,83.36
30_0001,train,92.58
30_0002,train,97.05
30_0003,train,92.14
30_0004,train,96.16
30_0005,train,97.73
30_0006,train,93.64
30_0007,train,96.38
30_0008,train,95.79
30_0009,train,91.27
30_0010,train,89.48
30_0011,train,90.95
30_0012,train,95.78
30_0013,train,95.12
30_0014,train,95.10
30_0015,train,89.88
30_0016,train,89.63
30_0017,train,96.48
30_0018,train,95.31
30_0019,train,90.93
30_0020,train,87.61
30_0021,train,95.93
30_0022,train,96.88
30_0023,train,88.71
30_0024,train,91.28
30_0025,train,91.76
30_0026,train,94.33
30_0027,train,92.81
30_0028,train,94.34
30_0029,train,93.04
30_0030,train,96.27
30_0031,train,92.08
30_0032,train,91.65
30_0033,train,95.45
30_0034,train,93.15
30_0035,train,94.96
30_0036,train,94.20
30_0037,train,90.52
30_0038,train,97.07
30_0039,train,89.36
30_0040,train,93.65
30_0041,train,90.78
30_0042,train,92.13
30_0043,train,94.50
30_0044,train,89.10
30_0045,train,91.07
30_0046,train,92.50
30_0047,train,95.18
30_0048,train,94.56
30_0049,train,92.68
30_0050,train,90.00
30_0051,train,93.68
30_0052,train,89.68
30_0053,train,89.70
30_0054,train,97.28
30_0055,train,94.50
30_0056,train,91.11
30_0057,train,94.78
30_0058,train,96.12
30_0059,train,92.83
30_0060,train,89.48
30_0061,train,94.25
30_0062,train,94.24
30_0063,train,90.98
30_0064,train,95.61
30_0065,train,95.55
30_0066,train,91.31
30_0067,train,87.83
30_0068,train,93.29
30_0069,train,91.55
30_0070,train,95.94
30_0071,train,94.99
30_0072,train,92.10
30_0073,train,92.19
30_0074,train,91.74
30_0075,train,89.17
30_0076,train,89.38
30_0077,train,95.34
30_0078,train,87.51
30_0079,train,88.64
30_0080,train,89.49
33_0001,train,94.53
33_0002,train,96.21
33_0003,train,94.25
33_0004,train,94.85
33_0005,train,92.20
33_0006,train,94.47
33_0007,train,94.24
33_0008,train,94.10
33_0009,train,94.56
33_0010,train,92.09
33_0011,train,91.20
33_0012,train,92.98
33_0013,train,92.10
33_0014,train,92.40
33_0015,train,91.31
33_0016,train,88.58
33_0017,train,91.36
33_0018,train,92.31
33_0019,train,89.01
33_0020,train,93.58
33_0021,train,94.38
33_0022,train,89.16
33_0023,train,85.64
33_0024,train,93.19
33_0025,train,94.07
33_0026,train,93.22
33_0027,train,91.24
33_0028,train,92.13
33_0029,train,89.60
33_0030,train,86.21
33_0031,train,92.60
33_0032,train,94.45
33_0033,train,93.71
33_0034,train,93.09
33_0035,train,89.61
33_0036,train,92.70
33_0037,train,88.44
33_0038,train,88.33
33_0039,train,90.32
33_0040,train,91.48
33_0041,train,94.34
33_0042,train,93.31
33_0043,train,91.45
33_0044,train,91.32
33_0045,train,90.62
33_0046,train,92.22
33_0047,train,91.92
33_0048,train,89.72
33_0049,train,91.38
33_0050,train,88.68
33_0051,train,95.33
33_0052,train,87.60
33_0053,train,92.59
33_0055,train,94.34
33_0056,train,92.62
33_0057,train,96.14
33_0058,train,87.54
33_0059,train,95.09
33_0060,train,93.71
33_0061,train,92.99
33_0062,train,93.77
33_0063,train,97.82
33_0064,train,94.70
33_0065,train,91.98
33_0066,train,88.57
33_0067,train,90.51
33_0068,train,87.65
33_0069,train,89.19
33_0070,train,84.25
33_0071,train,90.36
33_0072,train,89.45
33_0073,train,85.76
33_0074,train,85.93
33_0075,train,90.46
33_0076,train,91.47
33_0077,train,93.40
33_0078,train,90.97
33_0079,train,93.50
33_0080,train,88.71
34_0001,train,94.74
34_0002,train,92.51
34_0003,train,92.80
34_0004,train,93.48
34_0005,train,92.29
34_0006,train,94.24
34_0007,train,96.87
34_0008,train,92.00
34_0009,train,95.17
34_0010,train,90.14
34_0011,train,90.57
34_0012,train,90.11
34_0013,train,93.14
34_0014,train,93.40
34_0015,train,91.01
34_0016,train,88.31
34_0017,train,95.25
34_0018,train,96.03
34_0019,train,80.79
34_0020,train,92.55
34_0021,train,93.42
34_0022,train,93.50
34_0023,train,90.24
34_0024,train,88.09
34_0025,train,85.63
34_0026,train,93.82
34_0027,train,94.61
34_0028,train,93.03
34_0029,train,91.80
34_0030,train,96.26
34_0031,train,91.64
34_0032,train,89.72
34_0033,train,93.70
34_0034,train,91.93
34_0035,train,94.25
34_0036,train,95.28
34_0037,train,94.44
34_0038,train,91.53
34_0039,train,94.04
34_0040,train,84.43
34_0041,train,92.80
34_0042,train,83.06
34_0043,train,95.69
34_0044,train,92.99
34_0045,train,85.87
34_0046,train,88.67
34_0047,train,96.81
34_0048,train,94.64
34_0049,train,94.86
34_0050,train,94.36
34_0051,train,82.93
34_0052,train,89.48
34_0053,train,93.50
34_0054,train,91.99
34_0055,train,90.58
34_0056,train,91.31
34_0057,train,90.38
34_0058,train,90.08
34_0059,train,94.80
34_0060,train,90.09
34_0061,train,94.84
34_0062,train,89.90
34_0063,train,87.27
34_0064,train,91.67
34_0065,train,94.00
34_0066,train,91.73
34_0067,train,91.63
34_0068,train,88.97
34_0069,train,89.13
34_0070,train,86.46
34_0071,train,96.69
34_0072,train,89.44
34_0073,train,91.80
34_0074,train,94.61
34_0075,train,88.42
34_0076,train,88.99
34_0077,train,94.47
34_0078,train,92.50
34_0079,train,89.97
34_0080,train,93.92
35_0001,train,91.23
35_0002,train,90.81
35_0003,train,93.90
35_0004,train,92.84
35_0005,train,93.88
35_0006,train,93.68
35_0007,train,92.98
35_0008,train,94.21
35_0009,train,92.40
35_0010,train,90.70
35_0011,train,91.39
35_0012,train,90.22
35_0013,train,91.51
35_0014,train,92.65
35_0015,train,92.95
35_0016,train,89.68
35_0017,train,96.36
35_0018,train,92.63
35_0019,train,94.04
35_0020,train,95.52
35_0021,train,92.75
35_0022,train,90.58
35_0023,train,92.07
35_0024,train,92.03
35_0025,train,89.24
35_0026,train,85.93
35_0027,train,92.22
35_0028,train,94.14
35_0029,train,91.45
35_0030,train,94.79
35_0031,train,92.32
35_0032,train,90.71
35_0033,train,94.07
35_0034,train,92.04
35_0035,train,95.08
35_0036,train,96.99
35_0037,train,95.43
35_0038,train,92.81
35_0040,train,90.49
35_0041,train,90.51
35_0042,train,86.66
35_0043,train,86.78
35_0044,train,87.62
35_0045,train,92.39
35_0046,train,90.08
35_0047,train,90.05
35_0048,train,91.27
35_0049,train,90.21
35_0050,train,83.93
35_0051,train,87.37
35_0052,train,93.60
35_0053,train,91.49
35_0054,train,91.84
35_0055,train,90.64
35_0056,train,95.93
35_0057,train,91.19
35_0058,train,93.57
35_0059,train,89.10
35_0060,train,86.56
35_0061,train,88.96
35_0062,train,94.06
35_0063,train,81.67
35_0064,train,97.65
35_0065,train,92.42
35_0067,train,93.86
35_0068,train,93.23
35_0069,train,92.62
35_0070,train,88.81
35_0071,train,87.68
35_0072,train,89.60
35_0073,train,89.51
35_0074,train,89.59
35_0075,train,89.00
35_0076,train,91.64
35_0077,train,89.84
35_0078,train,82.29
35_0079,train,83.52
35_0080,train,90.30
36_0001,train,94.39
36_0002,train,89.35
36_0003,train,88.80
36_0004,train,87.77
36_0005,train,92.41
36_0006,train,94.09
36_0007,train,94.85
36_0008,train,93.34
36_0009,train,90.76
36_0010,train,88.65
36_0011,train,91.56
36_0012,train,89.92
36_0013,train,87.81
36_0014,train,92.46
36_0015,train,96.26
36_0016,train,90.91
36_0017,train,96.44
36_0018,train,95.25
36_0019,train,91.93
36_0020,train,94.51
36_0021,train,84.19
36_0022,train,91.31
36_0023,train,88.10
36_0024,train,88.69
36_0025,train,88.11
36_0026,train,91.28
36_0027,train,96.19
36_0028,train,86.35
36_0029,train,84.91
36_0030,train,89.31
36_0031,train,90.44
36_0032,train,89.90
36_0033,train,89.77
36_0034,train,88.39
36_0035,train,90.72
36_0036,train,88.78
36_0037,train,92.29
36_0038,train,92.42
36_0039,train,99.10
36_0040,train,90.98
36_0041,train,90.09
36_0042,train,94.02
36_0043,train,92.56
36_0044,train,90.62
36_0045,train,93.09
36_0046,train,90.00
36_0047,train,95.73
36_0048,train,96.38
36_0049,train,87.89
36_0050,train,92.36
36_0051,train,89.26
36_0052,train,90.46
36_0053,train,94.46
36_0054,train,94.16
36_0055,train,92.73
36_0056,train,89.71
36_0057,train,95.27
36_0058,train,93.17
36_0059,train,91.74
36_0060,train,90.56
36_0061,train,95.91
36_0062,train,88.69
36_0063,train,93.27
36_0064,train,92.36
36_0065,train,89.56
36_0066,train,89.42
36_0067,train,87.39
36_0068,train,95.54
36_0069,train,91.25
36_0070,train,89.24
36_0071,train,89.21
36_0072,train,85.89
36_0073,train,89.12
36_0074,train,90.88
36_0075,train,93.02
36_0076,train,89.38
36_0077,train,92.62
36_0078,train,93.97
36_0079,train,93.09
36_0080,train,96.16
38_0001,train,92.08
38_0002,train,92.72
38_0003,train,92.13
38_0004,train,86.69
38_0005,train,86.33
38_0006,train,92.26
38_0007,train,94.31
38_0008,train,93.27
38_0009,train,87.72
38_0010,train,89.15
38_0011,train,90.52
38_0012,train,85.07
38_0013,train,90.23
38_0014,train,85.43
38_0015,train,90.10
38_0016,train,93.85
38_0017,train,89.26
38_0018,train,94.90
38_0019,train,86.75
38_0020,train,89.98
38_0021,train,86.13
38_0022,train,87.60
38_0023,train,84.86
38_0024,train,83.64
38_0025,train,83.95
38_0026,train,90.17
38_0027,train,94.15
38_0028,train,91.61
38_0029,train,90.11
38_0030,train,93.19
38_0031,train,92.55
38_0032,train,94.47
38_0033,train,92.45
38_0034,train,89.00
38_0035,train,93.68
38_0036,train,92.56
38_0037,train,94.10
38_0038,train,90.51
38_0039,train,91.60
38_0040,train,93.29
38_0041,train,90.08
38_0042,train,96.21
38_0043,train,95.96
38_0044,train,97.50
38_0045,train,89.25
38_0046,train,89.39
38_0047,train,91.54
38_0048,train,89.37
38_0049,train,95.39
38_0050,train,93.73
38_0051,train,81.41
38_0052,train,88.08
38_0053,train,94.07
38_0054,train,92.80
38_0055,train,91.67
38_0056,train,91.68
38_0057,train,94.72
38_0058,train,95.15
38_0059,train,92.46
38_0060,train,84.16
38_0061,train,96.50
38_0062,train,94.39
38_0063,train,92.37
38_0064,train,95.85
38_0065,train,96.25
38_0066,train,94.22
38_0067,train,87.38
38_0068,train,86.69
38_0069,train,92.63
38_0070,train,95.08
38_0071,train,92.26
38_0072,train,94.84
38_0073,train,94.45
38_0074,train,92.43
38_0075,train,85.79
38_0076,train,93.40
38_0077,train,85.85
38_0078,train,90.38
38_0079,train,91.65
38_0080,train,95.72
39_0001,train,94.54
39_0002,train,93.62
39_0003,train,97.02
39_0004,train,95.43
39_0005,train,92.12
39_0006,train,94.12
39_0007,train,94.79
39_0008,train,91.34
39_0009,train,93.70
39_0010,train,83.76
39_0011,train,92.28
39_0012,train,85.88
39_0013,train,95.04
39_0014,train,92.83
39_0015,train,93.01
39_0016,train,89.49
39_0017,train,95.12
39_0018,train,94.18
39_0019,train,96.46
39_0020,train,90.06
39_0021,train,91.66
39_0022,train,85.73
39_0023,train,91.13
39_0024,train,87.16
39_0025,train,90.73
39_0026,train,87.54
39_0027,train,84.30
39_0028,train,90.29
39_0029,train,92.13
39_0030,train,89.39
39_0031,train,92.85
39_0032,train,87.32
39_0033,train,90.13
39_0034,train,92.24
39_0035,train,97.94
39_0036,train,98.84
39_0037,train,81.04
39_0038,train,98.56
39_0039,train,96.03
39_0040,train,96.29
39_0041,train,96.60
39_0042,train,94.68
39_0043,train,88.24
39_0044,train,90.42
39_0045,train,95.24
39_0046,train,96.08
39_0047,train,93.85
39_0048,train,89.55
39_0049,train,89.57
39_0050,train,86.40
39_0051,train,85.18
39_0052,train,88.43
39_0053,train,95.71
39_0054,train,94.10
39_0055,train,91.07
39_0056,train,87.89
39_0057,train,89.88
39_0058,train,86.53
39_0059,train,94.45
39_0060,train,89.54
39_0061,train,96.92
39_0062,train,94.50
39_0063,train,90.96
39_0064,train,93.02
39_0065,train,93.98
39_0066,train,88.51
39_0067,train,88.67
39_0068,train,92.24
39_0070,train,91.03
39_0071,train,89.31
39_0072,train,86.84
39_0073,train,91.01
39_0074,train,89.01
39_0075,train,93.71
39_0076,train,94.45
39_0077,train,94.93
39_0078,train,86.38
39_0079,train,89.54
39_0080,train,90.50
40_0003,train,86.27
40_0004,train,91.43
40_0005,train,88.76
40_0006,train,88.12
40_0007,train,88.26
40_0008,train,89.68
40_0009,train,94.03
40_0010,train,87.04
40_0011,train,87.37
40_0012,train,89.24
40_0013,train,92.10
40_0014,train,94.74
40_0015,train,93.03
40_0016,train,86.25
40_0017,train,91.17
40_0018,train,83.83
40_0019,train,85.78
40_0020,train,88.29
40_0021,train,93.09
40_0022,train,91.18
40_0024,train,92.45
40_0025,train,88.79
40_0026,train,91.54
40_0027,train,88.73
40_0028,train,88.34
40_0029,train,87.25
40_0030,train,91.62
40_0031,train,92.03
40_0032,train,90.65
40_0033,train,95.21
40_0034,train,93.12
40_0035,train,87.95
40_0036,train,93.13
40_0038,train,94.96
40_0039,train,94.17
40_0040,train,96.87
40_0041,train,91.35
40_0042,train,93.91
40_0043,train,96.71
40_0044,train,94.31
40_0045,train,94.65
40_0046,train,94.37
40_0047,train,88.07
40_0048,train,93.50
40_0049,train,87.87
40_0050,train,92.01
40_0051,train,90.65
40_0052,train,89.20
40_0053,train,91.71
40_0054,train,91.61
40_0055,train,84.66
40_0056,train,91.12
40_0057,train,90.23
40_0058,train,90.66
40_0059,train,93.40
40_0060,train,92.46
40_0061,train,97.49
40_0062,train,95.91
40_0063,train,95.96
40_0064,train,96.87
40_0065,train,96.80
40_0066,train,93.70
40_0067,train,95.18
40_0068,train,89.90
40_0069,train,89.28
40_0070,train,92.73
40_0071,train,90.25
40_0072,train,92.70
40_0073,train,92.53
40_0074,train,94.57
40_0075,train,92.94
40_0076,train,89.68
40_0077,train,89.69
40_0078,train,89.68
40_0079,train,92.70
40_0080,train,94.30
41_0001,train,90.47
41_0002,train,86.61
41_0003,train,94.35
41_0004,train,91.20
41_0005,train,94.84
41_0006,train,93.87
41_0007,train,92.29
41_0008,train,94.99
41_0009,train,95.45
41_0010,train,87.73
41_0011,train,96.11
41_0012,train,87.07
41_0013,train,91.22
41_0014,train,87.61
41_0015,train,92.96
41_0016,train,94.23
41_0017,train,89.02
41_0018,train,86.84
41_0019,train,84.25
41_0020,train,94.09
41_0021,train,91.19
41_0022,train,95.93
41_0023,train,87.19
41_0024,train,90.76
41_0025,train,89.97
41_0026,train,96.36
41_0027,train,95.16
41_0028,train,95.42
41_0029,train,93.27
41_0030,train,93.28
41_0031,train,94.97
41_0032,train,91.70
41_0033,train,96.88
41_0034,train,93.76
41_0035,train,94.29
41_0036,train,94.36
41_0038,train,92.55
41_0039,train,90.64
41_0040,train,91.95
41_0041,train,93.39
41_0042,train,94.05
41_0043,train,94.90
41_0044,train,92.81
41_0045,train,87.53
41_0046,train,93.70
41_0047,train,88.58
41_0048,train,89.96
41_0049,train,92.38
41_0050,train,96.62
41_0051,train,91.85
41_0052,train,90.90
41_0053,train,92.14
41_0054,train,96.17
41_0055,train,92.73
41_0056,train,95.36
41_0057,train,93.36
41_0058,train,94.47
41_0059,train,92.21
41_0060,train,89.86
41_0061,train,93.97
41_0062,train,94.69
41_0063,train,90.67
41_0064,train,93.25
41_0065,train,96.24
41_0066,train,90.20
41_0067,train,91.15
41_0068,train,82.56
41_0069,train,87.83
41_0070,train,88.53
41_0071,train,87.78
41_0072,train,90.25
41_0073,train,83.10
41_0074,train,92.36
41_0075,train,88.08
41_0076,train,93.59
41_0077,train,95.77
41_0078,train,91.87
41_0079,train,96.55
41_0080,train,91.23
43_0001,train,87.40
43_0002,train,96.47
43_0003,train,86.58
43_0004,train,87.35
43_0005,train,90.02
43_0006,train,93.30
43_0007,train,95.13
43_0009,train,91.55
43_0010,train,90.40
43_0011,train,95.03
43_0012,train,94.02
43_0013,train,95.59
43_0014,train,93.15
43_0015,train,95.25
43_0016,train,94.07
43_0017,train,93.24
43_0018,train,94.93
43_0019,train,94.37
43_0020,train,95.65
43_0021,train,91.84
43_0022,train,83.57
43_0023,train,91.47
43_0024,train,85.72
43_0025,train,91.20
43_0026,train,93.55
43_0027,train,95.20
43_0028,train,95.39
43_0029,train,92.16
43_0030,train,91.10
43_0031,train,94.12
43_0032,train,91.93
43_0033,train,94.89
43_0034,train,93.53
43_0035,train,92.77
43_0036,train,89.21
43_0037,train,91.91
43_0038,train,91.71
43_0039,train,92.36
43_0040,train,90.84
43_0041,train,90.84
43_0042,train,92.01
43_0043,train,90.79
43_0044,train,91.34
43_0045,train,91.36
43_0046,train,91.68
43_0047,train,92.90
43_0048,train,92.61
43_0049,train,92.81
43_0050,train,90.04
43_0051,train,92.38
43_0052,train,90.91
43_0053,train,92.53
43_0054,train,91.15
43_0055,train,90.19
43_0056,train,91.17
43_0057,train,90.22
43_0058,train,90.75
43_0059,train,91.67
43_0060,train,89.82
43_0061,train,94.06
43_0062,train,90.95
43_0063,train,91.92
43_0064,train,90.14
43_0065,train,92.51
43_0066,train,92.31
43_0067,train,92.54
43_0068,train,91.86
43_0069,train,92.36
43_0070,train,91.50
43_0071,train,91.47
43_0072,train,91.70
43_0073,train,92.08
43_0074,train,94.50
43_0075,train,92.21
43_0076,train,88.20
43_0077,train,94.52
43_0078,train,85.79
43_0079,train,88.09
43_0080,train,90.78
44_0001,train,97.02
44_0002,train,96.20
44_0003,train,94.83
44_0004,train,91.55
44_0005,train,91.39
44_0006,train,92.30
44_0007,train,92.43
44_0008,train,92.14
44_0009,train,91.78
44_0010,train,85.40
44_0011,train,92.06
44_0012,train,92.12
44_0013,train,88.39
44_0014,train,90.52
44_0015,train,87.07
44_0016,train,87.16
44_0017,train,87.22
44_0018,train,87.64
44_0019,train,87.15
44_0020,train,85.46
44_0021,train,86.86
44_0022,train,84.63
44_0023,train,82.10
44_0024,train,93.69
44_0025,train,93.15
44_0026,train,89.72
44_0027,train,90.17
44_0028,train,85.74
44_0029,train,89.15
44_0030,train,90.99
44_0031,train,92.23
44_0032,train,91.87
44_0033,train,89.48
44_0034,train,86.53
44_0035,train,86.14
44_0036,train,87.93
44_0037,train,86.56
44_0038,train,90.02
44_0039,train,88.99
44_0040,train,88.07
44_0041,train,91.06
44_0042,train,90.75
44_0043,train,86.48
44_0044,train,89.96
44_0045,train,86.10
44_0046,train,86.21
44_0048,train,83.45
44_0049,train,83.46
44_0050,train,82.94
44_0051,train,82.92
44_0052,train,80.69
44_0053,train,84.79
44_0054,train,82.23
44_0056,train,82.38
44_0058,train,83.40
44_0059,train,83.15
44_0060,train,83.48
44_0061,train,85.54
44_0062,train,86.60
44_0063,train,84.96
44_0064,train,81.89
44_0065,train,83.06
44_0066,train,80.67
44_0067,train,81.86
44_0071,train,90.67
44_0072,train,83.30
44_0073,train,94.21
44_0074,train,80.19
46_0001,train,88.25
46_0002,train,88.38
46_0003,train,95.69
46_0004,train,95.55
46_0005,train,95.48
46_0006,train,95.82
46_0007,train,94.99
46_0008,train,97.19
46_0009,train,97.80
46_0010,train,95.08
46_0011,train,93.31
46_0012,train,95.34
46_0013,train,95.67
46_0014,train,94.76
46_0015,train,95.57
46_0016,train,96.03
46_0017,train,96.28
46_0018,train,96.63
46_0019,train,95.17
46_0020,train,97.10
46_0021,train,98.45
46_0022,train,97.28
46_0023,train,94.92
46_0024,train,96.52
46_0025,train,96.87
46_0026,train,94.25
46_0027,train,96.21
46_0028,train,96.28
46_0029,train,96.65
46_0030,train,96.09
46_0031,train,95.94
46_0032,train,95.05
46_0033,train,96.43
46_0034,train,95.64
46_0036,train,90.74
46_0037,train,96.14
46_0038,train,96.69
46_0039,train,89.07
46_0040,train,93.55
46_0041,train,95.05
46_0042,train,85.00
46_0043,train,88.78
46_0044,train,81.75
46_0045,train,85.82
46_0046,train,85.35
46_0047,train,80.41
46_0048,train,87.50
46_0049,train,90.84
46_0050,train,87.45
46_0051,train,90.73
46_0052,train,93.03
46_0053,train,93.33
46_0054,train,93.00
46_0055,train,96.33
46_0056,train,96.84
46_0057,train,93.09
46_0058,train,93.06
46_0059,train,92.56
46_0060,train,93.07
46_0061,train,91.87
46_0062,train,89.41
46_0063,train,85.32
46_0064,train,89.08
46_0065,train,89.21
46_0066,train,95.74
46_0067,train,97.33
46_0068,train,95.40
46_0069,train,96.69
46_0070,train,95.44
46_0071,train,92.06
46_0072,train,96.50
46_0073,train,93.28
46_0074,train,89.46
46_0075,train,89.21
46_0076,train,91.59
46_0077,train,91.31
46_0078,train,91.95
46_0079,train,90.31
46_0080,train,89.19
47_0001,train,94.09
47_0002,train,93.02
47_0003,train,89.60
47_0004,train,92.76
47_0005,train,92.33
47_0006,train,92.40
47_0007,train,92.02
47_0008,train,90.37
47_0009,train,92.98
47_0010,train,87.48
47_0011,train,93.04
47_0012,train,93.54
47_0013,train,92.77
47_0014,train,92.40
47_0015,train,85.17
47_0016,train,89.44
47_0017,train,87.81
47_0018,train,85.35
47_0019,train,86.68
47_0020,train,90.19
47_0021,train,88.87
47_0022,train,88.50
47_0023,train,88.14
47_0024,train,90.71
47_0025,train,91.23
47_0026,train,90.43
47_0027,train,89.99
47_0028,train,85.98
47_0029,train,86.83
47_0030,train,91.85
47_0031,train,93.43
47_0032,train,91.53
47_0033,train,92.59
47_0034,train,91.83
47_0035,train,92.58
47_0036,train,93.66
47_0037,train,86.95
47_0038,train,83.65
47_0039,train,84.98
47_0040,train,88.38
47_0041,train,90.68
47_0042,train,93.47
47_0044,train,94.94
47_0045,train,95.01
47_0046,train,91.55
47_0047,train,89.35
47_0048,train,92.56
47_0049,train,90.08
47_0050,train,91.01
47_0051,train,89.71
47_0052,train,87.98
47_0053,train,90.41
47_0054,train,82.06
47_0055,train,87.64
47_0056,train,91.83
47_0057,train,94.92
47_0058,train,94.94
47_0059,train,95.78
47_0060,train,93.93
47_0061,train,97.23
47_0062,train,94.90
47_0063,train,92.19
47_0064,train,82.36
47_0065,train,87.31
47_0066,train,86.88
47_0067,train,84.78
47_0068,train,85.08
47_0069,train,84.83
47_0070,train,86.88
47_0071,train,85.22
47_0072,train,87.58
47_0073,train,87.70
47_0074,train,88.56
47_0075,train,85.87
47_0076,train,81.01
47_0077,train,82.88
47_0078,train,90.35
47_0079,train,83.57
47_0080,train,85.87
48_0001,train,97.10
48_0002,train,96.94
48_0003,train,97.08
48_0004,train,96.80
48_0005,train,96.73
48_0006,train,97.11
48_0007,train,96.98
48_0008,train,96.65
48_0009,train,95.53
48_0010,train,95.33
48_0011,train,96.33
48_0012,train,96.11
48_0013,train,96.13
48_0014,train,95.29
48_0015,train,94.28
48_0016,train,93.41
48_0017,train,93.79
48_0018,train,94.19
48_0027,train,91.33
48_0028,train,93.11
48_0029,train,92.09
48_0030,train,93.40
48_0031,train,92.58
48_0032,train,93.48
48_0033,train,93.76
48_0034,train,92.84
48_0036,train,91.80
48_0037,train,91.88
48_0038,train,89.18
48_0039,train,90.11
48_0041,train,93.13
48_0042,train,92.92
48_0043,train,90.51
48_0044,train,92.51
48_0045,train,94.12
48_0046,train,91.15
48_0047,train,93.73
48_0048,train,93.92
48_0053,train,93.86
48_0057,train,95.41
48_0060,train,97.03
48_0061,train,95.57
48_0062,train,96.09
48_0063,train,93.39
48_0064,train,93.03
48_0075,train,93.31
48_0076,train,92.55
48_0077,train,92.01
49_0001,train,93.09
49_0002,train,92.05
49_0003,train,86.32
49_0004,train,93.61
49_0005,train,93.50
49_0006,train,93.48
49_0007,train,91.52
49_0008,train,94.75
49_0009,train,89.54
49_0010,train,81.70
49_0011,train,88.36
49_0012,train,86.15
49_0013,train,88.67
49_0014,train,94.20
49_0015,train,92.58
49_0016,train,87.86
49_0017,train,91.67
49_0018,train,90.85
49_0019,train,93.40
49_0020,train,93.97
49_0021,train,94.28
49_0022,train,92.43
49_0023,train,91.31
49_0024,train,89.39
49_0025,train,90.10
49_0026,train,93.92
49_0027,train,92.73
49_0028,train,89.77
49_0029,train,96.57
49_0030,train,93.93
49_0031,train,92.65
49_0032,train,91.58
49_0033,train,93.04
49_0034,train,88.98
49_0035,train,90.38
49_0036,train,90.22
49_0037,train,94.25
49_0038,train,91.10
49_0039,train,89.32
49_0040,train,90.34
49_0041,train,91.92
49_0042,train,90.80
49_0043,train,89.23
49_0044,train,90.34
49_0045,train,89.43
49_0046,train,90.59
49_0047,train,91.37
49_0048,train,90.27
49_0049,train,89.17
49_0050,train,83.21
49_0051,train,86.69
49_0052,train,86.94
49_0053,train,87.00
49_0054,train,93.80
49_0055,train,92.61
49_0056,train,93.16
49_0057,train,94.84
49_0058,train,93.67
49_0059,train,93.17
49_0060,train,89.46
49_0061,train,93.72
49_0062,train,91.61
49_0063,train,91.85
49_0064,train,86.94
49_0065,train,86.52
49_0066,train,93.81
49_0067,train,85.92
49_0068,train,91.73
49_0069,train,92.82
49_0070,train,88.27
49_0071,train,94.42
49_0072,train,90.28
49_0073,train,85.49
49_0074,train,94.58
49_0075,train,83.89
49_0076,train,85.09
49_0077,train,88.45
49_0078,train,95.40
49_0079,train,93.02
49_0080,train,89.89
49_0081,train,82.94
49_0082,train,87.85
49_0083,train,88.43
49_0084,train,90.74
49_0085,train,84.72
49_0086,train,83.46
49_0087,train,91.74
49_0088,train,92.05
49_0089,train,90.13
49_0090,train,91.09
49_0091,train,93.00
49_0092,train,89.75
49_0093,train,84.63
49_0094,train,86.99
49_0096,train,83.06
49_0097,train,88.78
49_0098,train,85.91
49_0099,train,92.24
49_0100,train,88.16
49_0101,train,87.79
49_0102,train,93.20
49_0103,train,88.96
49_0104,train,82.50
50_0001,train,80.12
50_0003,train,91.16
50_0004,train,92.51
50_0005,train,90.51
50_0006,train,94.31
50_0007,train,90.98
50_0008,train,94.56
50_0009,train,89.83
50_0010,train,93.20
50_0011,train,95.25
50_0012,train,93.03
50_0013,train,90.32
50_0014,train,91.62
50_0015,train,92.95
50_0016,train,90.37
50_0017,train,90.63
50_0018,train,91.29
50_0019,train,95.44
50_0020,train,94.33
50_0021,train,88.57
50_0022,train,91.12
50_0023,train,87.15
50_0024,train,85.99
50_0025,train,84.82
50_0026,train,82.65
50_0027,train,85.74
50_0028,train,88.48
50_0029,train,87.37
50_0030,train,93.51
50_0031,train,92.25
50_0032,train,91.17
50_0033,train,93.09
50_0034,train,86.87
50_0035,train,86.96
50_0036,train,96.05
50_0037,train,82.49
50_0038,train,85.37
50_0039,train,87.80
50_0040,train,91.30
50_0041,train,92.04
50_0042,train,90.58
50_0043,train,91.81
50_0044,train,93.87
50_0045,train,96.60
50_0046,train,95.25
50_0047,train,96.12
50_0048,train,93.30
50_0049,train,92.13
50_0050,train,89.88
50_0051,train,93.05
50_0052,train,88.59
50_0053,train,88.42
50_0054,train,96.21
50_0055,train,95.94
50_0056,train,94.39
50_0057,train,87.81
50_0058,train,94.40
50_0059,train,93.25
50_0060,train,92.94
50_0061,train,96.08
50_0062,train,94.51
50_0063,train,91.51
50_0064,train,89.87
50_0065,train,87.29
50_0066,train,89.94
50_0067,train,88.30
50_0068,train,92.66
50_0069,train,89.26
50_0070,train,88.19
50_0071,train,91.06
50_0072,train,91.36
50_0073,train,87.51
50_0074,train,93.53
50_0075,train,92.00
50_0076,train,94.00
50_0077,train,92.60
50_0078,train,94.48
50_0079,train,93.85
50_0080,train,94.64
50_0081,train,96.30
50_0082,train,95.22
50_0083,train,96.26
50_0084,train,93.35
50_0085,train,91.51
50_0086,train,95.53
50_0087,train,95.17
50_0088,train,95.27
50_0089,train,94.33
50_0090,train,92.54
50_0091,train,95.46
50_0092,train,91.77
50_0093,train,95.84
50_0094,train,94.55
50_0095,train,94.95
50_0096,train,90.38
50_0097,train,93.58
50_0098,train,94.72
50_0099,train,98.41
50_0100,train,92.96
50_0101,train,92.12
50_0102,train,91.32
50_0103,train,85.47
50_0104,train,84.98
07_0001,val,92.36
07_0002,val,93.36
07_0003,val,93.29
07_0004,val,95.51
07_0005,val,92.87
07_0006,val,93.21
07_0007,val,89.69
07_0008,val,91.12
07_0009,val,91.00
07_0010,val,89.33
07_0011,val,90.75
07_0012,val,92.72
07_0013,val,92.56
07_0014,val,92.24
07_0015,val,90.43
07_0016,val,93.57
07_0017,val,92.11
07_0018,val,91.63
07_0019,val,91.34
07_0020,val,91.88
07_0021,val,92.90
07_0022,val,87.88
07_0024,val,89.01
07_0025,val,89.84
07_0026,val,93.61
07_0027,val,93.80
07_0028,val,91.92
07_0029,val,95.09
07_0030,val,95.26
07_0031,val,94.22
07_0032,val,93.13
07_0033,val,94.77
07_0034,val,95.99
07_0035,val,92.28
07_0036,val,95.84
07_0037,val,94.02
07_0038,val,93.24
07_0039,val,92.44
07_0040,val,88.51
07_0041,val,89.47
07_0042,val,92.96
07_0043,val,93.94
07_0044,val,89.09
07_0045,val,93.99
07_0046,val,94.09
07_0047,val,91.72
07_0048,val,93.55
07_0049,val,93.15
07_0050,val,92.67
07_0051,val,91.37
07_0052,val,89.69
07_0053,val,91.69
07_0054,val,91.50
07_0055,val,93.94
07_0056,val,94.10
07_0057,val,96.99
07_0058,val,95.96
07_0059,val,95.28
07_0060,val,93.96
07_0061,val,92.98
07_0062,val,95.76
07_0063,val,93.77
07_0074,val,92.51
07_0075,val,89.15
07_0076,val,91.12
07_0077,val,91.65
07_0078,val,82.67
07_0079,val,91.45
07_0080,val,92.02
14_0002,val,92.80
14_0003,val,88.01
14_0004,val,93.70
14_0005,val,85.16
14_0007,val,81.48
14_0009,val,92.98
14_0011,val,88.44
14_0012,val,91.66
14_0013,val,91.87
14_0017,val,92.52
14_0020,val,81.09
14_0021,val,90.28
14_0022,val,92.11
14_0023,val,89.92
14_0024,val,90.58
14_0025,val,95.79
14_0026,val,91.41
14_0028,val,95.66
14_0029,val,95.10
14_0030,val,95.93
14_0031,val,95.30
14_0032,val,93.41
14_0033,val,94.31
14_0034,val,92.39
14_0035,val,82.91
14_0042,val,82.81
14_0043,val,90.29
14_0044,val,83.44
14_0045,val,96.78
14_0046,val,95.77
14_0047,val,94.36
14_0048,val,95.22
14_0049,val,93.57
14_0058,val,84.74
14_0062,val,87.65
14_0064,val,82.07
14_0065,val,83.97
14_0066,val,97.58
14_0068,val,81.94
14_0069,val,91.95
14_0070,val,95.48
14_0071,val,88.35
14_0072,val,91.34
14_0073,val,90.63
14_0074,val,92.37
14_0075,val,96.81
14_0076,val,90.88
14_0077,val,92.25
14_0078,val,91.57
14_0079,val,91.97
14_0080,val,90.46
25_0001,val,95.65
25_0002,val,95.55
25_0003,val,96.50
25_0004,val,95.42
25_0005,val,94.31
25_0006,val,94.08
25_0007,val,95.32
25_0008,val,95.93
25_0009,val,94.19
25_0010,val,93.49
25_0011,val,94.40
25_0012,val,92.62
25_0013,val,94.44
25_0014,val,93.21
25_0015,val,93.81
25_0016,val,91.84
25_0017,val,89.06
25_0018,val,93.02
25_0019,val,95.99
25_0020,val,95.89
25_0021,val,95.20
25_0022,val,95.41
25_0023,val,92.68
25_0024,val,93.74
25_0025,val,92.00
25_0026,val,96.84
25_0027,val,92.64
25_0028,val,95.10
25_0029,val,94.95
25_0030,val,94.54
25_0031,val,95.55
25_0032,val,91.20
25_0033,val,90.88
25_0034,val,91.77
25_0035,val,93.15
25_0036,val,90.56
25_0037,val,94.25
25_0038,val,95.35
25_0039,val,94.83
25_0040,val,96.27
25_0041,val,96.26
25_0042,val,96.13
25_0043,val,94.25
25_0044,val,96.14
25_0045,val,95.97
25_0046,val,96.68
25_0047,val,94.80
25_0048,val,94.99
25_0049,val,94.87
25_0050,val,94.80
25_0051,val,94.90
25_0052,val,95.25
25_0053,val,95.42
25_0054,val,93.96
25_0055,val,90.74
25_0056,val,93.02
25_0057,val,95.33
25_0058,val,94.13
25_0059,val,94.10
25_0060,val,89.01
25_0061,val,94.47
25_0062,val,95.18
25_0063,val,93.82
25_0064,val,96.49
25_0065,val,90.21
25_0067,val,85.17
25_0068,val,91.53
25_0069,val,88.73
25_0070,val,91.26
25_0071,val,96.87
25_0072,val,94.15
25_0073,val,93.98
25_0074,val,95.55
25_0075,val,92.27
25_0076,val,95.59
25_0077,val,95.71
25_0078,val,94.80
25_0079,val,95.66
25_0080,val,89.12
42_0001,val,91.69
42_0002,val,88.64
42_0003,val,87.24
42_0004,val,92.25
42_0005,val,92.18
42_0006,val,93.35
42_0008,val,87.61
42_0009,val,84.37
42_0010,val,82.31
42_0011,val,88.69
42_0012,val,91.42
42_0013,val,93.23
42_0014,val,94.06
42_0015,val,93.17
42_0016,val,90.95
42_0017,val,91.35
42_0018,val,89.30
42_0019,val,90.02
42_0020,val,89.84
42_0021,val,91.72
42_0022,val,95.61
42_0023,val,91.18
42_0024,val,90.45
42_0025,val,88.27
42_0026,val,91.90
42_0027,val,91.76
42_0028,val,88.34
42_0029,val,92.05
42_0030,val,93.15
42_0031,val,91.20
42_0032,val,93.84
42_0033,val,93.55
42_0034,val,89.15
42_0035,val,88.81
42_0036,val,90.86
42_0037,val,92.93
42_0038,val,91.32
42_0039,val,92.59
42_0040,val,94.55
42_0041,val,92.11
42_0042,val,92.15
42_0043,val,87.75
42_0044,val,93.81
42_0045,val,93.24
42_0046,val,92.23
42_0047,val,90.50
42_0048,val,91.78
42_0049,val,91.86
42_0050,val,89.74
42_0051,val,89.84
42_0052,val,91.30
42_0053,val,91.92
42_0054,val,91.12
42_0055,val,88.27
42_0056,val,85.28
42_0057,val,89.49
42_0058,val,89.07
42_0059,val,88.48
42_0060,val,91.15
42_0061,val,91.24
42_0062,val,89.16
42_0063,val,89.25
42_0064,val,89.42
42_0065,val,92.14
42_0066,val,89.35
42_0067,val,89.21
42_0068,val,89.49
42_0069,val,89.04
42_0070,val,89.05
42_0071,val,87.79
42_0072,val,87.86
42_0073,val,87.58
42_0074,val,92.66
42_0075,val,87.66
42_0076,val,93.33
42_0077,val,94.01
42_0078,val,86.31
42_0079,val,92.63
42_0080,val,93.89
45_0001,val,86.68
45_0002,val,91.84
45_0003,val,83.16
45_0004,val,86.11
45_0005,val,89.97
45_0006,val,92.92
45_0007,val,93.58
45_0008,val,91.69
45_0009,val,88.98
45_0010,val,91.49
45_0011,val,93.95
45_0012,val,92.63
45_0013,val,91.68
45_0014,val,94.92
45_0015,val,90.89
45_0016,val,94.81
45_0017,val,95.82
45_0018,val,92.97
45_0019,val,91.30
45_0020,val,91.31
45_0021,val,92.09
45_0022,val,93.44
45_0023,val,84.05
45_0025,val,82.20
45_0026,val,84.32
45_0027,val,82.47
45_0028,val,85.41
45_0029,val,81.89
45_0030,val,93.36
45_0031,val,91.14
45_0032,val,88.68
45_0033,val,86.58
45_0039,val,82.89
45_0041,val,85.45
45_0042,val,84.62
45_0045,val,84.97
45_0046,val,85.88
45_0047,val,84.39
45_0048,val,87.51
45_0050,val,85.43
45_0051,val,86.29
45_0052,val,84.99
45_0053,val,83.82
45_0054,val,82.66
45_0055,val,82.55
45_0056,val,83.71
45_0057,val,81.10
45_0058,val,80.49
45_0059,val,82.43
45_0061,val,87.45
45_0062,val,86.60
45_0063,val,86.44
45_0064,val,84.80
45_0065,val,85.41
45_0066,val,93.89
45_0067,val,93.86
45_0068,val,95.43
45_0069,val,95.59
45_0070,val,96.32
45_0071,val,96.75
45_0072,val,94.57
45_0073,val,84.95
45_0074,val,90.30
45_0075,val,89.28
45_0076,val,88.26
45_0077,val,89.28
45_0078,val,90.52
45_0079,val,85.41
45_0080,val,83.70
05_0001,test,86.83
05_0003,test,94.32
05_0004,test,94.82
05_0005,test,95.18
05_0006,test,92.42
05_0007,test,92.87
05_0008,test,96.84
05_0009,test,94.65
05_0010,test,94.03
05_0011,test,87.08
05_0012,test,93.48
05_0013,test,97.81
05_0014,test,96.14
05_0015,test,96.44
05_0016,test,96.71
05_0017,test,93.30
05_0018,test,96.49
05_0019,test,95.40
05_0020,test,91.74
05_0021,test,92.85
05_0022,test,94.89
05_0023,test,92.25
05_0024,test,91.10
05_0025,test,92.48
05_0026,test,96.69
05_0027,test,96.67
05_0028,test,94.56
05_0029,test,95.75
05_0030,test,95.03
05_0031,test,95.33
05_0032,test,96.47
05_0033,test,97.42
05_0034,test,96.08
05_0035,test,95.86
05_0036,test,96.66
05_0037,test,94.68
05_0038,test,96.19
05_0039,test,96.70
05_0040,test,94.97
05_0041,test,94.69
05_0042,test,96.09
05_0043,test,93.95
05_0044,test,96.59
05_0045,test,93.93
05_0046,test,96.05
05_0047,test,92.17
05_0048,test,92.58
05_0049,test,95.00
05_0050,test,95.14
05_0051,test,96.07
05_0052,test,93.81
05_0053,test,93.35
05_0054,test,93.89
05_0055,test,93.82
05_0056,test,94.67
05_0057,test,92.58
05_0058,test,94.41
05_0059,test,93.57
05_0060,test,95.31
05_0061,test,93.75
05_0062,test,93.84
05_0063,test,95.18
05_0064,test,94.71
05_0065,test,95.39
05_0066,test,92.94
05_0067,test,88.96
05_0068,test,88.43
05_0069,test,90.89
05_0070,test,89.28
05_0071,test,88.93
05_0072,test,88.90
05_0073,test,90.93
05_0074,test,91.60
05_0075,test,92.75
05_0076,test,95.58
05_0077,test,93.94
05_0078,test,85.82
05_0079,test,90.93
05_0080,test,87.91
08_0001,test,94.12
08_0002,test,93.25
08_0003,test,93.77
08_0004,test,94.09
08_0005,test,93.52
08_0006,test,93.45
08_0007,test,94.23
08_0008,test,93.43
08_0009,test,93.94
08_0010,test,89.59
08_0011,test,94.10
08_0012,test,92.49
08_0013,test,93.14
08_0014,test,93.82
08_0015,test,92.55
08_0016,test,91.48
08_0017,test,93.40
08_0018,test,92.16
08_0019,test,93.37
08_0020,test,88.82
08_0021,test,93.43
08_0022,test,92.99
08_0023,test,90.78
08_0024,test,88.77
08_0025,test,84.97
08_0026,test,94.67
08_0027,test,94.47
08_0028,test,93.50
08_0029,test,93.97
08_0030,test,94.02
08_0031,test,94.60
08_0032,test,94.78
08_0033,test,94.05
08_0034,test,93.81
08_0035,test,93.66
08_0036,test,94.93
08_0037,test,94.43
08_0038,test,94.76
08_0039,test,94.89
08_0040,test,94.59
08_0041,test,94.17
08_0042,test,95.06
08_0043,test,95.26
08_0044,test,95.07
08_0045,test,94.96
08_0046,test,94.80
08_0047,test,94.01
08_0048,test,94.62
08_0049,test,94.75
08_0050,test,94.16
08_0051,test,91.43
08_0052,test,92.95
08_0053,test,95.96
08_0054,test,94.26
08_0055,test,93.80
08_0056,test,93.34
08_0057,test,91.03
08_0058,test,95.37
08_0059,test,93.75
08_0060,test,94.40
08_0061,test,96.45
08_0062,test,94.08
08_0063,test,94.04
08_0064,test,90.78
08_0065,test,93.79
08_0066,test,92.72
08_0067,test,92.55
08_0068,test,92.73
08_0069,test,95.55
08_0070,test,94.21
08_0071,test,90.70
08_0072,test,92.94
08_0073,test,92.51
08_0074,test,94.84
08_0075,test,92.64
08_0076,test,95.48
08_0077,test,92.33
08_0078,test,91.16
08_0079,test,90.81
08_0080,test,92.29
09_0001,test,96.47
09_0002,test,95.08
09_0003,test,95.93
09_0004,test,96.84
09_0005,test,96.85
09_0006,test,97.09
09_0007,test,96.53
09_0008,test,96.72
09_0009,test,95.50
09_0010,test,93.61
09_0011,test,96.07
09_0012,test,95.70
09_0013,test,95.43
09_0014,test,96.27
09_0015,test,93.91
09_0016,test,91.72
09_0017,test,95.75
09_0018,test,92.69
09_0019,test,93.22
09_0020,test,93.29
09_0021,test,94.69
09_0022,test,82.15
09_0023,test,94.05
09_0024,test,92.78
09_0025,test,93.74
09_0026,test,94.37
09_0027,test,94.55
09_0028,test,94.62
09_0029,test,94.49
09_0030,test,95.14
09_0031,test,96.24
09_0032,test,96.87
09_0033,test,96.20
09_0034,test,96.86
09_0035,test,96.12
09_0036,test,96.16
09_0037,test,96.54
09_0038,test,96.81
09_0039,test,96.87
09_0040,test,96.84
09_0041,test,96.06
09_0042,test,96.91
09_0043,test,94.85
09_0044,test,96.83
09_0045,test,96.18
09_0046,test,96.73
09_0047,test,96.35
09_0048,test,95.73
09_0049,test,95.94
09_0050,test,96.85
09_0051,test,95.84
09_0052,test,95.93
09_0053,test,96.11
09_0054,test,96.08
09_0055,test,96.49
09_0056,test,95.37
09_0057,test,95.52
09_0058,test,96.28
09_0059,test,95.80
09_0060,test,95.26
09_0061,test,96.43
09_0062,test,95.18
09_0063,test,95.39
09_0064,test,94.75
09_0065,test,93.02
09_0066,test,93.36
09_0067,test,89.01
09_0068,test,94.97
09_0069,test,91.43
09_0070,test,93.88
09_0071,test,93.67
09_0072,test,92.09
09_0073,test,92.99
09_0074,test,96.08
09_0075,test,93.77
09_0076,test,96.10
09_0077,test,94.64
09_0078,test,93.44
09_0079,test,95.86
09_0080,test,95.42
17_0001,test,93.22
17_0003,test,83.67
17_0004,test,88.69
17_0005,test,87.96
17_0006,test,86.49
17_0007,test,86.81
17_0008,test,90.96
17_0009,test,87.42
17_0010,test,88.84
17_0011,test,86.87
17_0012,test,89.36
17_0013,test,91.72
17_0014,test,90.35
17_0015,test,92.17
17_0016,test,87.87
17_0017,test,90.86
17_0018,test,90.79
17_0019,test,86.42
17_0020,test,89.56
17_0021,test,92.00
17_0022,test,90.62
17_0023,test,92.42
17_0024,test,94.12
17_0025,test,92.65
17_0026,test,92.77
17_0027,test,95.70
17_0028,test,93.46
17_0029,test,93.08
17_0030,test,94.59
17_0031,test,94.63
17_0032,test,95.72
17_0033,test,95.36
17_0034,test,96.63
17_0035,test,95.94
17_0036,test,96.43
17_0037,test,97.16
17_0038,test,96.62
17_0039,test,92.78
17_0040,test,95.39
17_0041,test,93.05
17_0042,test,93.08
17_0043,test,90.32
17_0044,test,94.64
17_0045,test,94.18
17_0046,test,95.04
17_0047,test,90.86
17_0048,test,91.30
17_0049,test,92.85
17_0050,test,92.81
17_0051,test,93.13
17_0052,test,93.61
17_0053,test,93.95
17_0054,test,95.94
17_0055,test,95.44
17_0056,test,94.50
17_0057,test,95.12
17_0058,test,95.49
17_0059,test,95.43
17_0060,test,95.14
17_0061,test,95.58
17_0062,test,94.70
17_0063,test,93.29
17_0064,test,92.90
17_0065,test,93.99
17_0066,test,94.56
17_0067,test,94.47
17_0068,test,90.26
17_0069,test,90.94
17_0070,test,86.93
17_0071,test,85.22
17_0072,test,90.14
17_0073,test,92.42
17_0074,test,96.36
17_0075,test,91.10
29_0001,test,92.87
29_0002,test,92.55
29_0003,test,89.09
29_0004,test,89.15
29_0005,test,88.76
29_0006,test,89.99
29_0007,test,87.21
29_0008,test,83.54
29_0009,test,96.67
29_0010,test,82.26
29_0011,test,90.15
29_0012,test,93.79
29_0013,test,86.97
29_0014,test,84.67
29_0015,test,94.01
29_0016,test,88.58
29_0017,test,90.47
29_0018,test,88.71
29_0019,test,85.99
29_0020,test,88.68
29_0021,test,86.99
29_0022,test,95.30
29_0023,test,92.90
29_0025,test,88.25
29_0026,test,90.99
29_0027,test,89.61
29_0028,test,94.54
29_0029,test,93.61
29_0030,test,93.87
29_0031,test,93.94
29_0032,test,91.51
29_0033,test,94.00
29_0034,test,93.70
29_0035,test,95.77
29_0036,test,81.17
29_0037,test,91.72
29_0038,test,84.61
29_0039,test,92.74
29_0040,test,90.74
29_0041,test,92.20
29_0042,test,92.98
29_0043,test,89.05
29_0044,test,86.51
29_0045,test,93.88
29_0046,test,92.81
29_0047,test,91.73
29_0048,test,95.31
29_0049,test,87.28
29_0050,test,90.73
29_0051,test,91.25
29_0052,test,89.33
29_0053,test,95.28
29_0054,test,95.82
29_0055,test,93.63
29_0056,test,88.49
29_0057,test,88.21
29_0058,test,91.60
29_0059,test,93.50
29_0060,test,87.44
29_0061,test,88.01
29_0062,test,92.11
29_0063,test,92.74
29_0064,test,90.71
29_0065,test,97.88
29_0066,test,98.05
29_0067,test,98.43
29_0068,test,97.37
29_0069,test,97.90
29_0070,test,88.10
29_0071,test,94.25
29_0072,test,93.66
29_0073,test,92.33
29_0074,test,91.76
29_0075,test,92.85
29_0076,test,89.85
29_0077,test,93.89
29_0078,test,85.50
29_0079,test,93.88
29_0080,test,92.50
31_0001,test,88.81
31_0002,test,86.12
31_0003,test,92.90
31_0004,test,94.30
31_0005,test,90.66
31_0006,test,94.16
31_0007,test,92.53
31_0008,test,92.21
31_0009,test,94.74
31_0010,test,95.51
31_0011,test,90.97
31_0012,test,92.71
31_0013,test,91.19
31_0014,test,89.57
31_0015,test,94.24
31_0016,test,91.12
31_0017,test,93.81
31_0018,test,92.69
31_0019,test,94.05
31_0020,test,93.88
31_0021,test,92.35
31_0022,test,91.18
31_0023,test,86.77
31_0024,test,91.66
31_0025,test,87.68
31_0026,test,91.83
31_0027,test,90.95
31_0028,test,91.82
31_0029,test,95.21
31_0030,test,95.14
31_0031,test,93.00
31_0032,test,92.89
31_0033,test,92.10
31_0034,test,80.25
31_0036,test,90.00
31_0037,test,94.62
31_0038,test,94.49
31_0039,test,93.74
31_0040,test,89.32
31_0041,test,91.74
31_0042,test,90.49
31_0043,test,93.06
31_0044,test,93.25
31_0045,test,83.06
31_0046,test,88.77
31_0047,test,82.35
31_0048,test,87.52
31_0049,test,84.50
31_0050,test,97.30
31_0051,test,88.01
31_0052,test,90.78
31_0053,test,92.10
31_0054,test,92.87
31_0055,test,87.88
31_0056,test,86.05
31_0057,test,88.09
31_0058,test,90.00
31_0059,test,94.11
31_0060,test,88.05
31_0061,test,94.44
31_0062,test,87.58
31_0063,test,90.66
31_0064,test,93.82
31_0065,test,93.34
31_0066,test,91.10
31_0067,test,90.69
31_0068,test,89.93
31_0069,test,84.18
31_0070,test,87.31
31_0071,test,81.21
31_0072,test,94.12
31_0074,test,88.08
31_0075,test,91.08
31_0076,test,90.27
31_0077,test,91.87
31_0078,test,90.42
31_0079,test,93.37
31_0080,test,91.33
32_0001,test,94.00
32_0002,test,92.23
32_0003,test,90.63
32_0004,test,91.35
32_0005,test,90.70
32_0006,test,92.18
32_0007,test,94.55
32_0008,test,93.61
32_0009,test,95.04
32_0010,test,92.60
32_0011,test,91.52
32_0012,test,92.80
32_0013,test,95.87
32_0014,test,94.49
32_0015,test,92.32
32_0016,test,92.49
32_0017,test,93.12
32_0018,test,89.06
32_0019,test,81.10
32_0020,test,80.82
32_0021,test,94.07
32_0022,test,82.46
32_0023,test,88.43
32_0024,test,87.85
32_0025,test,90.83
32_0026,test,97.88
32_0027,test,96.23
32_0028,test,89.61
32_0029,test,85.39
32_0030,test,83.77
32_0031,test,82.98
32_0032,test,83.68
32_0033,test,86.57
32_0034,test,84.86
32_0035,test,86.18
32_0036,test,86.39
32_0037,test,85.84
32_0038,test,86.19
32_0040,test,84.50
32_0041,test,84.37
32_0042,test,84.80
32_0043,test,84.74
32_0044,test,86.03
32_0045,test,85.93
32_0046,test,95.21
32_0047,test,95.69
32_0048,test,96.07
32_0049,test,96.22
32_0050,test,90.28
32_0051,test,88.77
32_0052,test,94.92
32_0053,test,91.92
32_0054,test,85.69
32_0055,test,91.35
32_0056,test,84.15
32_0057,test,88.93
32_0058,test,84.53
32_0059,test,90.54
32_0060,test,88.66
32_0061,test,92.19
32_0062,test,90.10
32_0063,test,94.32
32_0064,test,94.04
32_0065,test,92.00
32_0066,test,92.91
32_0067,test,91.26
32_0068,test,92.88
32_0069,test,84.40
32_0070,test,86.53
32_0071,test,92.57
32_0072,test,87.99
32_0073,test,86.35
32_0074,test,98.18
32_0075,test,96.06
32_0076,test,91.11
32_0077,test,96.53
32_0078,test,88.83
32_0079,test,90.17
32_0080,test,88.07
37_0001,test,94.02
37_0002,test,93.10
37_0003,test,97.16
37_0004,test,94.78
37_0005,test,91.62
37_0006,test,92.90
37_0007,test,95.02
37_0008,test,87.78
37_0009,test,95.13
37_0010,test,96.85
37_0011,test,95.96
37_0012,test,94.35
37_0013,test,94.26
37_0014,test,88.75
37_0015,test,94.46
37_0016,test,89.82
37_0017,test,95.22
37_0018,test,95.73
37_0019,test,94.51
37_0020,test,93.89
37_0021,test,89.73
37_0022,test,90.38
37_0023,test,82.40
37_0024,test,83.45
37_0025,test,82.50
37_0026,test,88.15
37_0027,test,92.04
37_0028,test,92.74
37_0029,test,89.82
37_0030,test,92.18
37_0031,test,95.96
37_0032,test,94.04
37_0033,test,95.38
37_0034,test,95.19
37_0035,test,87.74
37_0036,test,94.12
37_0037,test,91.42
37_0038,test,91.49
37_0039,test,92.95
37_0040,test,87.06
37_0041,test,87.29
37_0042,test,93.27
37_0043,test,88.81
37_0044,test,89.23
37_0045,test,87.59
37_0046,test,90.29
37_0047,test,92.09
37_0048,test,87.08
37_0049,test,91.12
37_0050,test,88.40
37_0051,test,91.97
37_0052,test,91.17
37_0053,test,93.22
37_0054,test,92.56
37_0055,test,95.78
37_0056,test,91.21
37_0057,test,94.44
37_0058,test,98.21
37_0059,test,95.08
37_0060,test,90.06
37_0061,test,85.16
37_0062,test,88.94
37_0063,test,88.71
37_0064,test,89.73
37_0065,test,91.98
37_0066,test,83.70
37_0067,test,94.81
37_0068,test,86.28
37_0069,test,88.14
37_0070,test,89.83
37_0071,test,89.50
37_0072,test,84.46
37_0073,test,88.65
37_0074,test,90.76
37_0075,test,83.26
37_0076,test,90.52
37_0077,test,88.36
37_0078,test,86.88
37_0079,test,91.74
37_0080,test,91.38
